title,type,genre,themes,mood,description,imdb_rating,my_rating,year
Spider-Man,movie,"action, adventure, superhero","responsibility, heroism, coming-of-age","inspiring, nostalgic",A teenager gains spider-like abilities and learns that great power requires great responsibility while fighting the Green Goblin.,7.4,7.2,2002
Spider-Man 2,movie,"action, adventure, superhero","sacrifice, identity, burden","emotional, heroic",Peter Parker struggles to balance his personal life with his duties as Spider-Man while facing the multi-limbed Doctor Octopus.,7.5,7.5,2004
Spider-Man 3,movie,"action, adventure, superhero","revenge, forgiveness, darkness","dramatic, intense","A strange black entity bonds with Peter, amplifying his dark side as he faces Sandman and a new Goblin.",6.3,6.5,2007
The Amazing Spider-Man,movie,"action, adventure, superhero","secrets, identity, science","moody, romantic",Peter Parker uncovers secrets about his father's past while facing a geneticist turned monster known as The Lizard.,6.9,6.3,2012
The Amazing Spider-Man 2,movie,"action, adventure, superhero","destiny, sacrifice, isolation","vibrant, tragic",Spider-Man faces the powerful Electro and his old friend Harry Osborn while struggling to protect Gwen Stacy from his dangerous life.,6.6,6.2,2014
Spider-Man: Homecoming,movie,"action, adventure, superhero","mentorship, growth, heroism","lighthearted, fun",Peter Parker tries to balance his ordinary high school life with his responsibilities as a hero under the watchful eye of Tony Stark.,7.4,7,2017
Spider-Man: Far From Home,movie,"action, adventure, superhero","deception, legacy, technology","adventurous, smart","While on a school trip to Europe, Peter is recruited by Nick Fury to uncover the mystery of several elemental creature attacks.",7.4,7.1,2019
Spider-Man: No Way Home,movie,"action, adventure, superhero","multiverse, consequences, redemption","epic, emotional","After his identity is revealed, Peter asks Doctor Strange for help, accidentally tearing open the multiverse and bringing in foes from other worlds.",8.2,8,2021
Batman Begins,movie,"action, crime, superhero","chaos, morality, justice","gritty, intense","After witnessing his parents' death, billionaire Bruce Wayne learns the art of fighting to confront injustice. When he returns to Gotham as Batman, he must stop a secret society that intends to destroy the city.",8.2,8.2,2005
The Dark Knight,movie,"action, crime, superhero","chaos, morality, justice","gritty, intense","Batman faces his greatest psychological test against the Joker, a mastermind seeking to plunge Gotham City into total anarchy.",9,8.8,2008
The Dark Knight Rises,movie,"action, crime, superhero","chaos, morality, justice","gritty, intense","Bane, an imposing terrorist, attacks Gotham City and disrupts its eight-year-long period of peace. This forces Bruce Wayne to come out of hiding and don the cape and cowl of Batman again.",8.4,9,2012
Inception,movie,"sci-fi, action","dreams, reality, subconscious","mind-bending, heist",A skilled thief who steals secrets from within the subconscious is offered a chance to have his criminal record erased by performing inception.,8.8,9,2010
Interstellar,movie,"sci-fi, drama","space, time dilation, survival","emotional, mind-bending",A team of explorers travel through a wormhole in space to ensure humanity's survival while dealing with the relativity of time.,8.7,9.5,2014
Blade Runner 2049,movie,"sci-fi, mystery","artificial intelligence, memory, identity","atmospheric, melancholic","A young Blade Runner unearths a long-buried secret that leads him to track down former runner Rick Deckard, missing for thirty years.",8,8.6,2017
The Martian,movie,"sci-fi, adventure","survival, science, isolation","optimistic, tense","An astronaut becomes stranded on Mars after his team assumes him dead, relying on his ingenuity to find a way to signal Earth.",8,9,2015
Deadpool & Wolverine,movie,"action, comedy","multiverse, redemption, brotherhood","irreverent, high-energy",A listless Wade Wilson joins forces with a weary Wolverine on a mission that will change the history of the Marvel Cinematic Universe.,7.7,8.1,2024
Mad Max: Fury Road,movie,"action, sci-fi","post-apocalypse, freedom, survival","high-octane, visceral","In a post-apocalyptic wasteland, a woman rebels against a tyrannical ruler in search for her homeland with the help of a drifter named Max.",8.1,8.5,2015
The Matrix,movie,"sci-fi, action","simulated reality, rebellion, fate","philosophical, stylish",A computer hacker learns from mysterious rebels about the true nature of his reality and his role in the war against its controllers.,8.7,9,1999
Arrival,movie,"sci-fi, drama","communication, time, linguistics","cerebral, emotional","A linguist works with the military to communicate with alien newcomers, discovering a gift that threatens her very perception of time.",7.9,8.8,2016
The Shawshank Redemption,movie,drama,"hope, friendship, prison escape","inspiring, melancholic",A banker wrongly convicted of murder finds a unique way to survive prison life through friendship and an unwavering sense of hope.,9.3,9.8,1994
Fight Club,movie,"drama, thriller","consumerism, anarchy, identity","gritty, mind-bending","An insomniac office worker and a devil-may-care soapmaker form an underground fight club that evolves into a dark, anti-materialist revolution.",8.8,9,1999
Parasite,movie,"drama, thriller","social class, greed, deception","tense, dark comedy",Greed and class discrimination threaten the newly formed symbiotic relationship between the wealthy Park family and the destitute Kim clan.,8.5,8.2,2019
The Silence of the Lambs,movie,"thriller, horror","psychological profiling, serial killers","chilling, suspenseful",A young F.B.I. cadet must confide in an incarcerated and manipulative killer to receive his help on catching another serial murderer.,8.6,9,1991
Hereditary,movie,"horror, drama","family trauma, occult, grief","disturbing, dread","After the family matriarch passes away, a grieving family is haunted by tragic and disturbing occurrences as they uncover dark secrets.",7.3,7.1,2018
The Conjuring,movie,"horror, mystery","paranormal, exorcism, family","terrifying, atmospheric","Paranormal investigators work to help a family terrorized by a dark presence in their farmhouse, uncovering a history of malevolent spirits.",7.5,7.2,2013
The Hangover,movie,comedy,"bachelor party, memory loss, friendship","hilarious, chaotic",Three groomsmen wake up from a bachelor party in Las Vegas with no memory of the previous night and the bachelor missing.,7.7,7.5,2009
La La Land,movie,"romance, musical","dreams, ambition, jazz","bittersweet, vibrant","While navigating their careers in Los Angeles, a pianist and an actress fall in love while attempting to reconcile their aspirations.",8,8.5,2016
Eternal Sunshine of the Spotless Mind,movie,"romance, sci-fi","memory, heartbreak, destiny","cerebral, emotional","When their relationship turns sour, a couple undergoes a medical procedure to have each other erased from their memories.",8.3,9,2004
Prisoners,movie,"thriller, mystery","justice, desperation, morality","intense, somber","When Keller Dover's daughter and her friend go missing, he takes matters into his own hands as the police pursuit stalls.",8.2,8.8,2013
John Wick,movie,"action, thriller","revenge, underworld, loyalty","stylish, visceral",An ex-hitman comes out of retirement to track down the gangsters that killed his dog and took everything from him.,7.4,8,2014
John Wick: Chapter 2,movie,"action, thriller","debt, betrayal, underworld","intense, cinematic","After returning to the criminal underworld to repay a debt, John Wick discovers that a large bounty has been put on his life.",7.4,8.1,2017
Past Lives,movie,"drama, romance","fate, connection, immigration","reflective, melancholic",Two deeply connected childhood friends are reunited in New York for one fateful week as they confront notions of destiny and love.,7.9,7.8,2023
Nosferatu,movie,"horror, fantasy","obsession, gothic, vampires","eerie, atmospheric","A gothic tale of obsession between a haunted young woman and the terrifying vampire infatuated with her, causing untold horror.",7.2,7.5,2024
Ballerina,movie,"action, thriller","vengeance, assassin, underworld","gritty, high-octane","A young woman trained as an assassin seeks revenge against the people who murdered her family, set within the John Wick universe.",7,7.2,2025
The Lord of the Rings: The Fellowship of the Ring,movie,"fantasy, adventure","fellowship, sacrifice, power","epic, immersive",A meek Hobbit and eight companions set out on a journey to destroy a powerful ring and save Middle-earth from the Dark Lord Sauron.,8.9,9,2001
The Lord of the Rings: The Two Towers,movie,"fantasy, adventure","war, resilience, friendship","epic, intense","While Frodo and Sam edge closer to Mordor, their divided fellowship makes a stand against the new alliance of Saruman and Sauron.",8.8,9.2,2002
The Lord of the Rings: The Return of the King,movie,"fantasy, adventure","destiny, courage, finality","epic, emotional",Gandalf and Aragorn lead the World of Men against Sauron's army to draw his gaze from Frodo and Sam as they approach Mount Doom.,9,9.3,2003
How to Lose a Guy in 10 Days,movie,rom-com,"deception, dating, attraction","lighthearted, playful","An advice columnist tries to push a man away using classic dating mistakes, unaware that he is simultaneously trying to make her fall in love.",6.5,8,2003
About Time,movie,"rom-com, sci-fi","time travel, family, love","heartwarming, emotional","At the age of 21, Tim discovers he can travel in time and uses his power to improve his love life and protect his family.",7.8,7.6,2013
"Crazy, Stupid, Love.",movie,"rom-com, drama","divorce, masculinity, connection","charming, witty","A middle-aged husband's life changes dramatically when his wife asks for a divorce, leading him to seek help from a young, charismatic player.",7.4,8,2011
Seven,movie,"thriller, crime","sin, morality, urban decay","grim, suspenseful","Two detectives, a rookie and a veteran, hunt a serial killer who uses the seven deadly sins as his motives for a series of murders.",8.6,9,1995
The Prestige,movie,"thriller, drama","obsession, rivalry, magic","mind-bending, dark","After a tragic accident, two stage magicians in 1890s London engage in a desperate battle to create the ultimate illusion while sacrificing everything.",8.5,8.5,2006
Shutter Island,movie,"thriller, mystery","trauma, sanity, isolation","atmospheric, chilling","In 1954, a U.S. Marshal investigates the disappearance of a murderer who escaped from a hospital for the criminally insane on a remote island.",8.2,8,2010
The Truman Show,movie,"drama, comedy","media, existentialism, freedom","thought-provoking, ironic","An insurance salesman discovers his whole life is actually a reality TV show broadcast since his birth, leading him to seek a way out.",8.2,8.5,1998
Forrest Gump,movie,"drama, romance","fate, innocence, American history","heartwarming, nostalgic",A slow-witted but kind-hearted man witnesses and unwittingly influences several defining historical events in the 20th century United States.,8.8,9,1994
Manchester by the Sea,movie,drama,"grief, family, redemption","melancholic, somber","A depressed uncle is forced to take care of his teenage nephew after the boy's father dies, forcing him to face a tragic past.",7.8,8.2,2016
There Will Be Blood,movie,"drama, history","greed, religion, oil","intense, gritty","A ruthless silver miner turned oilman moves to California to seek his fortune, descending into a dark obsession with wealth and power.",8.2,8.5,2007
Spirited Away,movie,"fantasy, animation","identity, spirits, maturation","surreal, enchanting","A young girl wanders into a world ruled by gods and spirits; after her parents are transformed, she must work to find a way back.",8.6,9,2001
Jumanji: Welcome to the Jungle,movie,"fantasy, comedy","teamwork, identity, survival","high-energy, funny","Four teenagers are sucked into a magical video game, where they must survive the jungle in the bodies of adult avatars to return home.",7,7.5,2017
The Exorcist,movie,"horror, supernatural","faith, possession, evil","terrifying, visceral","When a young girl is possessed by a mysterious entity, her mother seeks the help of two priests to save her daughter through exorcism.",8.1,8,1973
Get Out,movie,"horror, thriller","racism, psychological, suburban","tense, thought-provoking","A young African-American man visits his white girlfriend's parents for the weekend, where his unease about their behavior eventually reaches a boiling point.",7.8,8.2,2017
The Shining,movie,"horror, thriller","isolation, madness, family","eerie, suspenseful","A family heads to an isolated hotel for the winter where a sinister presence influences the father into violence, while his psychic son sees visions.",8.4,8,1980
A Quiet Place,movie,"horror, sci-fi","survival, family, silence","tense, immersive",A family must live life in absolute silence to avoid mysterious creatures that hunt by sound in a post-apocalyptic world.,7.5,7.8,2018
The Conjuring 2,movie,"horror, mystery","paranormal, faith, haunting","scary, atmospheric",Ed and Lorraine Warren travel to North London to help a single mother raising four children alone in a house plagued by a supernatural spirit.,7.3,7.2,2016
IT (Chapter One),movie,"horror, fantasy","fear, childhood, friendship","creepy, nostalgic","In the summer of 1989, a group of bullied kids band together to destroy a shape-shifting monster, which disguises itself as a clown.",7.3,7.5,2017
Evil Dead Rise,movie,"horror, fantasy","family, possession, urban horror","gruesome, relentless","Two estranged sisters' reunion is cut short by the rise of flesh-possessing demons, thrusting them into a primal battle for survival in a city apartment.",6.5,7,2023
Drive,movie,"action, crime","isolation, protection, violence","atmospheric, cool","A mysterious Hollywood stuntman and getaway driver falls for his neighbor, only to be drawn into a botched heist to save her family.",7.8,8.2,2011
The Bourne Identity,movie,"action, thriller","amnesia, identity, survival","gritty, intense","A man is pulled from the ocean with bullet wounds and no memory, beginning a race across Europe to rediscover his deadly past.",7.9,8,2002
The Bourne Supremacy,movie,"action, thriller","redemption, conspiracy, justice","relentless, cold","Framed for a botched CIA operation, Jason Bourne is forced out of hiding to take down those still hunting him.",7.7,8.1,2004
The Bourne Ultimatum,movie,"action, thriller","truth, closure, espionage","high-octane, gritty",Jason Bourne dodges a new generation of highly trained assassins while finally uncovering the dark truth behind his creation.,8,8.2,2007
Ocean's Eleven,movie,"action, comedy","heist, brotherhood, charisma","stylish, cool","Danny Ocean recruits a team of eleven specialists to rob three Las Vegas casinos simultaneously in a sophisticated, high-stakes heist.",7.7,8,2001
Top Gun: Maverick,movie,"action, drama","legacy, teaching, bravery","nostalgic, thrilling","After thirty years, Pete ""Maverick"" Mitchell must train a new group of graduates for a specialized mission while confronting his past.",8.2,8.5,2022
The Equalizer,movie,"action, thriller","vigilantism, justice, protection","brutal, grounded",A man living a quiet life believes he has put his mysterious past behind him until he meets a girl under the control of ultra-violent Russian gangsters.,7.2,7.5,2014
Ford v Ferrari,movie,"action, drama","rivalry, engineering, friendship","inspiring, energetic",American car designer Carroll Shelby and driver Ken Miles battle corporate interference to build a revolutionary race car for Ford.,8.1,9,2019
Sicario,movie,"action, crime","drug war, morality, corruption","tense, gritty",An idealistic FBI agent is enlisted by a government task force to aid in the escalating war against drugs at the border.,7.7,7.9,2015
Edge of Tomorrow,movie,"action, sci-fi","time loops, alien invasion, war","exhilarating, smart","A soldier fighting aliens finds himself caught in a time loop, reliving the same day and battle every time he dies.",7.9,8.2,2014
Zodiac,movie,"thriller, mystery","obsession, journalism, true crime","meticulous, eerie","A political cartoonist becomes obsessed with tracking down the Zodiac Killer, an unidentified murderer who terrorizes Northern California with cryptic letters.",7.7,8,2007
Nocturnal Animals,movie,"thriller, drama","revenge, regret, storytelling","stylish, haunting","A wealthy art gallery owner is haunted by her ex-husband's novel, a violent thriller she interprets as a symbolic revenge tale.",7.5,7.6,2016
The Proposal,movie,rom-com,"fake relationship, career, family","lighthearted, fun",A pushy boss forces her young assistant to marry her in order to keep her visa status in the U.S. and avoid deportation to Canada.,6.7,7.8,2009
The Ides of March,movie,"drama, thriller","political corruption, ambition, betrayal","cynical, tense",An idealistic campaign staffer gets a crash course in dirty politics while working for a presidential candidate in a high-stakes primary.,7.1,7.5,2011
The Guest,movie,"action, mystery","identity, military secrets, protection","ominous, stylish","A soldier arrives at the home of a fallen comrade and ingratiates himself with the family, but a string of deaths follows his arrival.",6.7,6.6,2014
The Gorge,movie,"action, sci-fi","survival, unseen evil, isolation","mysterious, tense",Two elite operatives guarding a classified gorge must work together when a cataclysmic threat to humanity is finally revealed.,6.7,8.3,2025
Into the Wild,movie,"drama, adventure","transcendentalism, survival, isolation","poignant, spiritual","After graduating from university, a top student abandons his life of privilege and hitchhikes to Alaska to live in the wilderness.",8.1,8.5,2007
Bridge to Terabithia,movie,"drama, fantasy","friendship, imagination, grief","emotional, magical","Two young outsiders create a fantasy world to escape the difficulties of their daily lives, only to face a tragic reality.",7.2,7.6,2007
Dead Poets Society,movie,drama,"non-conformity, poetry, education","inspiring, bittersweet","An unconventional English teacher uses poetry to empower his students at a strict boarding school to ""seize the day"" and think for themselves.",8.1,8.5,1989
The Art of Racing in the Rain,movie,"drama, romance","loyalty, perspective, family","heartwarming, tear-jerking","A golden retriever named Enzo recalls the life lessons he learned from his race car driver owner, reflecting on the human condition.",7.5,7.8,2019
Detachment,movie,drama,"education, isolation, social decay","somber, raw",A substitute teacher who avoids emotional attachments finds himself connecting with troubled students and staff at a failing public school.,7.7,8.2,2011
The Upside,movie,"drama, comedy","friendship, disability, second chances","uplifting, charming","A paralyzed billionaire hires a struggling ex-convict to be his caretaker, leading to an unlikely and life-changing friendship for both.",7,7.5,2017
Wall-E,movie,"sci-fi, animation","environmentalism, love, automation","whimsical, lonely",A small waste-collecting robot on a deserted Earth embarks on a space journey that will ultimately decide the fate of mankind.,8.4,8.9,2008
Schindler's List,movie,"drama, history","humanity, holocaust, heroism","powerful, somber","In German-occupied Poland during WWII, an industrialist becomes concerned for his Jewish workforce after witnessing their persecution by the Nazis.",9,9,1993
The Green Mile,movie,"drama, fantasy","justice, miracles, compassion","emotional, spiritual",The lives of guards on Death Row are affected by one of their charges: a black man accused of murder who has a mysterious gift.,8.6,8.6,1999
Jojo Rabbit,movie,"drama, comedy","indoctrination, empathy, war","satirical, heartwarming",A lonely German boy's world view is turned upside down when he discovers his mother is hiding a young Jewish girl in their attic.,7.9,8,2019
X-Men,movie,"action, sci-fi","prejudice, evolution",atmospheric,Two mutants come to a private academy for their kind whose resident superhero team must oppose a terrorist organization with similar powers.,7.3,7.3,2000
X2: X-Men United,movie,"action, sci-fi","survival, alliance",intense,"The X-Men must unite with their former enemies, the Brotherhood, to stop a common threat who intends to commit mutant genocide.",7.4,7.4,2003
X-Men: The Last Stand,movie,"action, sci-fi","cure, choice, loss",dramatic,"A ""cure"" for mutation is discovered, leading to a war between the X-Men and the Brotherhood while Jean Grey's dark side emerges.",6.6,6.8,2006
X-Men Origins: Wolverine,movie,"action, sci-fi","revenge, brotherhood",gritty,"A look at Logan's early life, specifically his relationship with his brother Victor Creed and the service in the Weapon X program.",6.5,6.6,2009
X-Men: First Class,movie,"action, sci-fi","origins, friendship","retro, epic","In 1962, Charles Xavier and Erik Lehnsherr work together to stop a nuclear threat, before their differing philosophies lead to a permanent rift.",7.7,7.5,2011
The Wolverine,movie,"action, sci-fi","mortality, honor, isolation",stoic,Wolverine travels to modern-day Japan to face an old acquaintance from his past and a conspiracy involving his healing powers.,6.7,7,2013
X-Men: Days of Future Past,movie,"action, sci-fi","time travel, destiny",high-stakes,The X-Men send Wolverine to the past in a desperate effort to change history and prevent an event that results in doom for both humans and mutants.,7.9,8,2014
X-Men: Apocalypse,movie,"action, sci-fi","ancient power, extinction",catastrophic,"The first and most powerful mutant, Apocalypse, awakens after thousands of years and intends to cleanse the world and create a new order.",6.9,6.8,2016
Logan,movie,"action, drama","legacy, aging, protection","somber, raw","In a future where mutants are nearly extinct, a weary Logan cares for an ailing Professor X while protecting a young girl with similar powers.",8.1,8.1,2017
Dark Phoenix,movie,"action, sci-fi","power, trauma, family",emotional,"Jean Grey begins to develop incredible powers that corrupt and turn her into a Dark Phoenix, forcing the X-Men to decide if her life is worth more than humanity.",5.7,6.1,2019
The New Mutants,movie,"horror, sci-fi","trauma, containment",eerie,"Five young mutants, just discovering their abilities while held in a secret facility against their will, fight to escape their past sins and save themselves.",5.3,5.9,2020
The Avengers,movie,"action, sci-fi","unity, global-threat","epic, fun",Earth's mightiest heroes must come together and learn to fight as a team to stop the mischievous Loki and his alien army.,8,8.2,2012
Avengers: Age of Ultron,movie,"action, sci-fi","AI-gone-wrong, creation","dark, chaotic","When Tony Stark jumpstarts a dormant peacekeeping program, things go terribly wrong, forcing the Avengers to stop a sentient robot from human extinction.",7.3,7,2015
Avengers: Infinity War,movie,"action, sci-fi","sacrifice, inevitable loss","intense, somber",The Avengers and their allies must be willing to sacrifice all in an attempt to defeat the powerful Thanos before his blitz of cosmic devastation.,8.4,8.8,2018
Avengers: Endgame,movie,"action, sci-fi","legacy, time-travel","emotional, epic","After the devastating events of Infinity War, the remaining Avengers assemble one final time to restore balance to the universe and bring back their fallen.",8.4,8.6,2019
Pirates of the Caribbean: The Curse of the Black Pearl,movie,"fantasy, action","piracy, curses, freedom",swashbuckling,Blacksmith Will Turner teams up with eccentric pirate Jack Sparrow to save his love from cursed pirates who turn into skeletons at night.,8.1,8.5,2003
Pirates of the Caribbean: Dead Man's Chest,movie,"fantasy, action","debt, betrayal, immortality","dark, adventurous","Jack Sparrow races to recover the heart of Davy Jones to avoid enslaving his soul to the Dutchman, while Will and Elizabeth are caught in the fray.",7.4,8,2006
Pirates of the Caribbean: At World's End,movie,"fantasy, action","alliance, sacrifice, lore","epic, chaotic","Lord Cutler Beckett gains control of Davy Jones' heart, forcing the Pirate Lords from around the world to unite for one final stand for freedom.",7.1,7.5,2007
Pirates of the Caribbean: On Stranger Tides,movie,"fantasy, action","youth, religion, fountain of youth","mysterious, fun","Jack Sparrow and Barbossa embark on a quest to find the elusive Fountain of Youth, only to discover that Blackbeard and his daughter are after it too.",6.6,7.1,2011
Pirates of the Caribbean: Dead Men Tell No Tales,movie,"fantasy, action","legacy, revenge, family","supernatural, fast-paced","Captain Jack Sparrow is pursued by an old rival, the terrifying Captain Salazar, who is determined to kill every pirate at sea.",6.5,7.2,2017
Black Panther,movie,"action, sci-fi, superhero","afrofuturism, legacy, isolationism","majestic, epic","T'Challa, heir to the hidden kingdom of Wakanda, must lead his people into a new era while facing a challenger from his father's past.",7.3,7.1,2018
Captain America: The First Avenger,movie,"action, adventure, superhero","heroism, sacrifice, WWII","nostalgic, inspiring","During WWII, a frail man is transformed into a super-soldier to lead the fight against a secret Nazi organization known as Hydra.",6.9,7.2,2011
Captain America: The Winter Soldier,movie,"action, thriller, superhero","conspiracy, surveillance, loyalty","gritty, tense",Steve Rogers struggles to embrace his role in the modern world while uncovering a conspiracy within S.H.I.E.L.D. involving a deadly assassin.,7.8,7.6,2014
Captain America: Civil War,movie,"action, sci-fi, superhero","accountability, betrayal, friendship","intense, dramatic","Political involvement in the Avengers' affairs causes a rift between Captain America and Iron Man, leading to an all-out superhero war.",7.8,7.4,2016
Iron Man,movie,"action, sci-fi, superhero","redemption, technology, responsibility","high-energy, cool","After being held captive in an Afghan cave, billionaire engineer Tony Stark creates a unique weaponized suit of armor to fight evil.",7.9,7.8,2008
Iron Man 2,movie,"action, sci-fi, superhero","legacy, government-pressure, health","slick, fast-paced","With the world aware of his secret identity, Tony Stark must contend with both his declining health and a vengeful madman with his own tech.",6.9,7,2010
Iron Man 3,movie,"action, sci-fi, superhero","trauma, identity, terrorism","psychological, gritty","When Tony Stark's world is torn apart by a formidable terrorist, he embarks on an odyssey of rebuilding and retribution without his usual tech.",7.1,7.1,2013
Thor,movie,"action, fantasy, superhero","worthiness, humility, family","grand, mythological","The powerful but arrogant god Thor is cast out of Asgard to live among humans on Earth, where he must learn what it means to be a hero.",7,6.5,2011
Thor: The Dark World,movie,"action, fantasy, superhero","sacrifice, ancient-evil, brotherhood","dark, atmospheric","When an ancient race of Dark Elves threatens to plunge the universe into darkness, Thor must forge an unlikely alliance with his brother Loki.",6.8,6.4,2013
Thor: Ragnarok,movie,"action, comedy, superhero","rebirth, loss, liberation","vibrant, fun","Imprisoned on the planet Sakaar, Thor must race against time to return to Asgard and stop Hela, the goddess of death, from destroying his world.",7.9,8,2017
Guardians of the Galaxy,movie,"action, sci-fi, superhero","found-family, cosmic-outlaws","fun, nostalgic",A group of intergalactic criminals must pull together to stop a fanatical warrior with plans to purge the universe of life.,8,7.8,2014
Guardians of the Galaxy Vol. 2,movie,"action, sci-fi, superhero","fatherhood, ego, connection","emotional, colorful",The Guardians struggle to keep their newfound family together while helping Peter Quill discover the true nature of his mysterious parentage.,7.6,7.7,2017
Guardians of the Galaxy Vol. 3,movie,"action, sci-fi, superhero","empathy, animal-rights, trauma","tear-jerking, epic","Still reeling from a loss, Peter Quill must rally his team to defend the universe and protect one of their own from a deadly high-evolved creator.",7.9,8,2023
The Suicide Squad,movie,"action, comedy, superhero","expendability, government-secrets","chaotic, violent","A group of incarcerated supervillains are sent to a remote island to destroy a Nazi-era laboratory, facing a giant alien starfish in the process.",7.2,6.9,2021
Doctor Strange,movie,"action, fantasy, superhero","ego, mysticism, alternative-reality","psychedelic, smart","A brilliant but arrogant neurosurgeon travels to a mysterious enclave for healing, only to discover a world of hidden magic and alternate dimensions.",7.5,7.6,2016
Ant-Man,movie,"action, comedy, superhero","redemption, fatherhood, heist","lighthearted, playful",A thief with the ability to shrink in scale but increase in strength must help his mentor pull off a heist that will save the world.,7.3,7.5,2015
Fantastic Four,movie,"action, sci-fi, superhero","cosmic-radiation, family-bonds",adventurous,Four astronauts gain unique superpowers after exposure to cosmic radiation and must use them to stop a vengeful former colleague.,5.7,6,2005
Hellboy,movie,"action, fantasy, superhero","nature vs nurture, occult, destiny","gothic, gritty",A demon raised by humans works for a secret government bureau to protect the world from paranormal threats while questioning his own purpose.,6.8,7,2004
The Batman,movie,"crime, mystery, superhero","stoicism, corruption, vengeance","dark, detective-noir",Batman ventures into Gotham's underworld when a sadistic killer leaves behind a trail of cryptic clues during his second year of crime-fighting.,7.8,8.1,2022
Deadpool,movie,"action, comedy, superhero","meta-humor, immortality","irreverent, high-energy",A former Special Forces operative turned mercenary is left with accelerated healing powers and a dark sense of humor after a rogue experiment.,8,8.3,2016
Deadpool 2,movie,"action, comedy, superhero","protection, loss, friendship","hilarious, chaotic",Mercenary Wade Wilson assembles a team of fellow mutants to protect a young boy with supernatural abilities from the time-traveling cyborg Cable.,7.7,7.6,2018
The Incredible Hulk,movie,"action, sci-fi, superhero","isolation, suppression, rage","gritty, intense",Bruce Banner travels the world seeking a cure for his condition while being hunted by a military general who wants to weaponize his power.,6.6,7.3,2008
Man of Steel,movie,"action, sci-fi, superhero","identity, sacrifice, alien-origin","epic, serious",An alien child is raised on Earth and must choose whether to reveal his god-like powers to save humanity from a Kryptonian invasion.,7.1,7.5,2013
Venom,movie,"action, sci-fi, superhero","symbiosis, anti-hero, duality","chaotic, fun","An investigative journalist becomes the host for an alien symbiote, granting him super-powers but forcing him to manage a violent alter-ego.",6.6,7,2018
Venom: Let There Be Carnage,movie,"action, sci-fi, superhero","spawn, rivalry, survival","frantic, dark-comedy","Eddie Brock struggles to coexist with Venom while facing a deranged serial killer who becomes the host of a lethal, red symbiote named Carnage.",5.9,6.8,2021
Margin Call,movie,"drama, thriller","greed, financial-crisis, ethics","tense, cynical",Key players at an investment bank navigate the initial 24 hours of the 2008 financial crisis after discovering a catastrophic flaw in their model.,7.1,7.4,2011
One Battle After Another,movie,"action, thriller","revolution, betrayal, survival","raw, gritty",A group of former revolutionaries must reunite sixteen years later to rescue a daughter from a corrupt military colonel and a secret society.,6.8,7.1,2026
The Hobbit: An Unexpected Journey,movie,"fantasy, adventure","bravery, adventure, destiny","whimsical, epic",A homebody Hobbit is swept into an epic quest to reclaim the lost Dwarf Kingdom of Erebor from the fearsome dragon Smaug.,7.8,8,2012
The Hobbit: The Desolation of Smaug,movie,"fantasy, adventure","greed, dragon-lore, corruption","dark, thrilling","Bilbo and the dwarves continue their journey east, facing giant spiders and wood-elves before finally confronting the gold-hoarding Smaug.",7.8,8,2013
The Hobbit: The Battle of the Five Armies,movie,"fantasy, adventure","war, legacy, sacrifice","epic, catastrophic","The dwarves of Erebor have reclaimed their homeland, but must now face the consequences of unleashing the dragon and a massive gathering army.",7.4,8.1,2014
"The Chronicles of Narnia: The Lion, the Witch and the Wardrobe",movie,"fantasy, family","prophecy, sacrifice, good vs evil","magical, nostalgic",Four siblings discover a wardrobe that leads to a magical land under the spell of an Eternal Winter by a cruel White Witch.,6.9,7.1,2005
The Chronicles of Narnia: Prince Caspian,movie,"fantasy, family","rebellion, faith, growth","adventurous, grand",The Pevensie siblings return to Narnia to help a young prince reclaim his throne from his evil uncle and restore the land's magic.,6.6,7,2008
The Chronicles of Narnia: The Voyage of the Dawn Treader,movie,"fantasy, family","temptation, exploration, courage","vibrant, whimsical",Lucy and Edmund join King Caspian on a sea voyage to find the seven lost lords of Narnia and save the land from a dark mist.,6.3,6.8,2010
Sleepy Hollow,movie,"horror, fantasy","folklore, mystery, decapitation","gothic, eerie",A constable is sent to a small village to investigate a series of decapitations allegedly committed by a headless horseman.,7.3,7.4,1999
Jumanji: The Next Level,movie,"comedy, fantasy","friendship, identity, adventure",adventurous,"The gang returns to Jumanji to rescue one of their own, but discover that the game has changed and everything is more dangerous.",6.7,7,2019
Fantastic Beasts and Where to Find Them,movie,"fantasy, adventure","creatures, wizarding world",whimsical,"In 1926, a magizoologist arrives in New York with a suitcase full of magical creatures that accidentally escape into the city.",7.2,7.4,2016
Fantastic Beasts: The Secrets of Dumbledore,movie,"fantasy, adventure","war, legacy, magic","dark, epic",Dumbledore entrusts Newt Scamander to lead a team on a dangerous mission to stop the powerful dark wizard Grindelwald.,6.2,7,2022
The Devil's Advocate,movie,"horror, thriller","ambition, morality, occult","tense, dramatic","An exceptionally talented Florida lawyer is offered a job at a high-end New York firm, only to realize his boss is the Devil.",7.5,7.5,1997
Sinister,movie,"horror, mystery","snuff films, curses, family-peril",terrifying,A true-crime writer finds a box of disturbing home movies in his new house that suggest a supernatural entity is hunting his family.,6.8,7,2012
Sinners,movie,"horror, fantasy","supernatural, survival, duality",unsettling,"Two twin brothers return to their hometown to leave their troubled pasts behind, only to find an even greater evil waiting for them.",7.1,7,2025
Frankenstein,movie,"horror, drama","creation, obsession, isolation","melancholic, dark","A brilliant but hubristic scientist brings a monstrous creature to life, leading to a tragic exploration of what it means to be human.",7.4,7.6,2025
Don't Breathe,movie,"horror, thriller","home invasion, survival, blindness",claustrophobic,"Three thieves break into the house of a blind man thinking it’s an easy score, only to realize they are trapped with a killer.",7.1,7.1,2016
Red Notice,movie,"comedy, action","art heist, rivalry, globe-trotting","fun, slick",An FBI profiler is forced to partner with the world's greatest art thief to catch an even more elusive criminal across the globe.,6.3,6.8,2021
Superbad,movie,comedy,"friendship, coming-of-age, party","hilarious, raunchy",Two co-dependent high school seniors are forced to deal with separation anxiety while trying to buy alcohol for a massive house party.,7.6,7.6,2007
The Dictator,movie,comedy,"politics, satire, culture-shock","offensive, funny",A North African dictator risks his life to ensure that democracy never comes to the country he so lovingly oppresses while stuck in America.,6.4,7.5,2012
Ride Along,movie,"comedy, action","brotherhood, law enforcement",lighthearted,A fast-talking security guard must join his girlfriend's tough police officer brother on a 24-hour patrol of Atlanta to prove his worth.,6.1,6.5,2014
Ocean's Twelve,movie,"action, crime","revenge, heist, competition","stylish, breezy",Danny Ocean and his crew are forced to pull off a series of elaborate heists in Europe to pay back a vengeful casino owner.,6.5,7,2004
Scott Pilgrim vs. the World,movie,"comedy, action","love, retro-gaming, music","vibrant, hyper",A slacker musician must defeat his new girlfriend's seven evil exes in order to win her heart in a video-game inspired reality.,7.5,7.5,2010
Ted,movie,comedy,"friendship, maturity, magic",irreverent,"A man’s childhood wish brings his teddy bear to life, but now he must choose between the bear and moving forward with his girlfriend.",6.9,7,2012
10 Things I Hate About You,movie,rom-com,"high school, rebellion, poetry","charming, witty","A high school boy tries to win over a popular girl by hiring a ""bad boy"" to date her ill-tempered, older sister first.",7.3,7.5,1999
Mean Girls,movie,comedy,"popularity, sabotage, high school","satirical, iconic",A teenager who grew up in Africa must navigate the complex and cutthroat social hierarchies of a typical American high school.,7.1,7.2,2004
The Thing,movie,"horror, sci-fi","paranoia, isolation, survival",tense,A research team in Antarctica is hunted by a shape-shifting alien that assumes the appearance of its victims.,8.2,8,1982
Beauty and the Beast,movie,"fantasy, romance","inner-beauty, curses, magic",magical,"A young woman is taken prisoner by a beast in his castle, eventually discovering the kind heart of the prince within.",7.1,7.2,2017
Fantastic Beasts: The Crimes of Grindelwald,movie,"fantasy, adventure","war, legacy, pure-blood",dark,Newt Scamander is recruited by Dumbledore to stop the powerful dark wizard Grindelwald from raising pure-blood wizards to rule.,6.5,6.8,2018
Evil Dead,movie,horror,"possession, survival, gore",brutal,"Five friends head to a remote cabin where they discover a Book of the Dead, unwittingly summoning flesh-possessing demons.",6.5,6.5,2013
The Nun,movie,"horror, mystery","faith, origin-story, demons",atmospheric,A priest and a novice are sent by the Vatican to investigate the mysterious suicide of a nun in a cloistered abbey in Romania.,5.3,6,2018
The Nun II,movie,"horror, mystery","sacrifice, evil, miracles",scary,"Sister Irene once again comes face-to-face with Valak, the demon nun, at a boarding school in 1950s France.",5.6,6.2,2023
Smile,movie,"horror, thriller","trauma, perception, curse",unsettling,"After witnessing a bizarre, traumatic incident involving a patient, a doctor is haunted by terrifying and unexplainable occurrences.",6.5,6.5,2022
Us,movie,"horror, thriller","duality, society, shadows",disturbing,A family's serene beach vacation turns into chaos when their doppelgängers appear and begin to terrorize them.,6.8,7,2019
Hereditary,movie,"horror, drama","family trauma, occult, grief",disturbing,"After the family matriarch passes away, a grieving family is haunted by tragic occurrences as they uncover dark secrets.",7.3,7,2018
Wrong Turn,movie,"horror, thriller","survival, cannibalism, traps",visceral,"Six people find themselves trapped in the woods of West Virginia, hunted by a trio of cannibalistic mountain men.",6.1,6.2,2003
Ocean's Thirteen,movie,"action, crime","loyalty, revenge, casino",stylish,Danny Ocean rounds up the boys for a third heist after casino owner Willy Bank double-crosses one of the original eleven.,6.9,7,2007
Ted 2,movie,comedy,"civil rights, friendship, marriage",irreverent,"Newlywed couple Ted and Tami-Lynn want to have a baby, but Ted must prove he's a person in a court of law.",6.3,6.5,2015
Knocked Up,movie,"comedy, romance","maturity, pregnancy, timing",hilarious,A slacker and a recently promoted media personality must navigate an unintended pregnancy after a drunken one-night stand.,6.9,7.2,2007
Accepted,movie,comedy,"education, rebellion, creativity",lighthearted,"After being rejected by every college he applied to, a high school senior creates his own fake university to fool his parents.",6.4,6.8,2006
Dumb and Dumber,movie,comedy,"friendship, road-trip, idiocy",silly,Two dim-witted friends travel across the country to Aspen to return a briefcase full of money to its rightful owner.,7.3,7.3,1994
Wedding Crashers,movie,"comedy, romance","love, deception, brotherhood",raunchy,Two divorce mediators who spend their free time crashing weddings to meet women find themselves in over their heads.,7,7,2005
Ride Along 2,movie,"comedy, action","family, law-enforcement, Miami",fun,"As his wedding day approaches, Ben heads to Miami with his soon-to-be brother-in-law James to bring down a drug dealer.",5.9,6,2016
Top Gun,movie,"action, drama","rivalry, flying, bravery",nostalgic,"As students at the United States Navy's elite fighter weapons school, two pilots compete to be best in the class.",6.9,7.2,1986
Clueless,movie,"comedy, romance","high school, makeover, satire",charming,"A rich high school student tries to boost a new pupil's popularity, but soon realizes she has a lot to learn herself.",6.9,7.1,1995
Excess Baggage,movie,"comedy, crime","attention, kidnapping, heiress",quirky,"A neglected heiress stages her own kidnapping to get her father's attention, only to be actually kidnapped by a car thief.",5.4,6.8,1997
40-Year-Old Virgin,movie,"comedy, romance","masculinity, friendship, sex",awkward,"Three coworkers help a middle-aged man who has never had sex finally lose his virginity, leading to hilarious complications.",7.1,7.3,2005
The Notebook,movie,"romance, drama","enduring love, class, memory",heartbreaking,An elderly man reads to a woman with dementia the story of two young lovers whose passion was tested by war and class differences.,7.8,8.8,2004
When Harry Met Sally,movie,rom-com,"friendship, timing, soulmates","witty, cozy",Two friends navigate a decade of chance encounters and growing attraction while debating whether men and women can truly just be friends.,7.7,8.2,1989
Serendipity,movie,rom-com,"fate, chance, destiny",magical,"After a brief, magical meeting, two people leave their future to fate, hoping that if they are meant to be together, they will find their way back.",6.8,8.5,2001
Blue Valentine,movie,"romance, drama","marriage decay, honesty, grief","raw, somber",A raw portrait of a relationship that juxtaposes the hopeful beginnings of a romance with the painful dissolution of the same marriage years later.,7.3,7.3,2010
Meet Joe Black,movie,"romance, fantasy","death, legacy, sacrifice","ethereal, grand",Death takes human form to learn about life on Earth and falls in love with the daughter of a media mogul who is nearing his end.,7.2,7.2,1998
Before Sunrise,movie,"romance, drama","connection, youth, philosophy",cerebral,"Two strangers meet on a train and decide to spend one night walking through Vienna, knowing they may never see each other again.",8.1,8.2,1995
Before Sunset,movie,"romance, drama","regret, second chances, time",nostalgic,"Nine years after their night in Vienna, Jesse and Celine reunite in Paris for an afternoon of intense conversation before Jesse's flight leaves.",8.1,8.2,2004
Before Midnight,movie,"romance, drama","commitment, parenting, reality","honest, tense","Now a couple with children, Jesse and Celine face the complexities of long-term love and the sacrifices required to keep a relationship alive.",7.9,8.1,2013
Lost in Translation,movie,"drama, romance","loneliness, connection, culture",melancholic,An aging actor and a young woman develop an unlikely bond in a Tokyo hotel while grappling with their own failing marriages and isolation.,7.7,7.5,2003
50 First Dates,movie,rom-com,"memory loss, persistence, loyalty",lighthearted,A man falls for a woman with short-term memory loss and must find creative ways to win her over every single day.,6.8,7,2004
Jerry Maguire,movie,"romance, drama","integrity, ambition, loyalty",inspiring,"A successful sports agent suffers a crisis of conscience and loses his job, starting over with only one client and a single loyal coworker.",7.3,7.5,1996
Notting Hill,movie,rom-com,"fame, attraction, normalcy",charming,The life of a simple bookstore owner changes forever when the most famous movie star in the world walks into his shop and falls for him.,7.2,7.5,1999
Sleepless in Seattle,movie,rom-com,"fate, grief, radio","cozy, nostalgic","A recently widowed man's son calls a national radio talk show in hopes of finding his father a new partner, sparking a cross-country romance.",6.8,7.2,1993
Cast Away,movie,"drama, adventure","survival, isolation, hope",visceral,"After his plane crashes in the Pacific, a FedEx executive is stranded on a deserted island for four years, fighting to stay alive and return home.",7.8,8.2,2000
You've Got Mail,movie,rom-com,"anonymity, rivalry, technology","warm, sweet",Two business rivals loathe each other in real life but unknowingly fall in love over the internet through an anonymous email exchange.,6.7,7,1998
Pretty Woman,movie,"romance, comedy","class, transformation, business",stylish,"A wealthy businessman hires a prostitute to be his escort for several social functions, only to fall in love with her spirit and intelligence.",7.1,7.1,1990
Love Actually,movie,rom-com,"holidays, connection, variety",uplifting,"The lives of eight very different couples in London intertwine during the frantic month before Christmas, exploring the many facets of love.",7.6,7.6,2003
Pride & Prejudice,movie,"romance, drama","class, misunderstanding, family",elegant,"In 19th century England, five sisters navigate pressure to marry, while the spirited Elizabeth Bennet faces a complex attraction to the stoic Mr. Darcy.",7.8,8,2005
Sweet November,movie,"romance, drama","living-in-the-moment, sacrifice",emotional,A workaholic businessman enters a month-long relationship with a terminally ill woman who teaches him how to truly live before it's too late.,6.7,7.1,2001
Titanic,movie,"romance, drama","disaster, class, sacrifice","epic, tragic","A seventeen-year-old aristocrat falls in love with a kind but poor artist aboard the luxurious, ill-fated R.M.S. Titanic.",7.9,8.5,1997
The Girl Next Door,movie,rom-com,"ambition, secrets, coming-of-age","fun, edgy","A high school senior's life is turned upside down when he falls for his beautiful new neighbor, only to discover she is a former adult film star.",6.7,7.5,2004
Good Will Hunting,movie,drama,"genius, trauma, healing",powerful,"A brilliant but troubled janitor at MIT is forced to see a therapist to avoid jail, eventually confronting his past to embrace his future.",8.3,8.5,1997
Nightcrawler,movie,thriller,"obsession, ethics, journalism",cynical,"A driven con man muscles into the world of L.A. crime journalism, blurring the line between observer and participant to get the perfect shot.",7.8,7.8,2014
The Guilty,movie,thriller,"isolation, redemption, duty",tense,A demoted police officer assigned to a call dispatch desk is conflicted when he receives a terrified phone call from a kidnapped woman.,6.3,6.5,2021
Source Code,movie,sci-fi,"time loops, identity, heroism",exhilarating,A soldier wakes up in someone else's body and discovers he's part of an experimental program to find a train bomber in eight minutes.,7.5,7.8,2011
Looper,movie,sci-fi,"time travel, destiny, survival",smart,"In 2074, when the mob wants to get rid of someone, the target is sent into the past, where a hired gun waits to finish the job.",7.4,7.6,2012
The Machinist,movie,thriller,"guilt, insomnia, reality",haunting,An industrial worker who hasn't slept in a year begins to doubt his own sanity as he is haunted by a mysterious coworker.,7.6,7.6,2004
Spotlight,movie,drama,"journalism, truth, justice",meticulous,The true story of how the Boston Globe uncovered the massive scandal of child molestation and cover-up within the local Catholic Archdiocese.,8.1,8.1,2015
Primal Fear,movie,thriller,"manipulation, law, duality",shocking,"An arrogant defense attorney takes on the case of a stuttering altar boy accused of murdering an Archbishop, uncovering a dark mystery.",7.7,8.1,1996
The Usual Suspects,movie,"crime, mystery","deception, storytelling, heist",mind-bending,"A sole survivor tells of the twisty events leading up to a horrific gun battle on a boat, centered on the mysterious Keyser Söze.",8.5,8.5,1995
The Sixth Sense,movie,thriller,"spirits, trauma, secrets",chilling,"A child psychologist starts treating a young boy who claims he can see and talk to dead people, leading to a world-shaking revelation.",8.2,8.2,1999
Collateral,movie,"action, thriller","nihilism, fate, hitman","cool, tense",A cab driver finds himself the hostage of an engaging contract killer as he makes his rounds from hit to hit during one night.,7.5,7.5,2004
Vanilla Sky,movie,"thriller, sci-fi","reality, love, consequence",surreal,A self-indulgent publishing magnate finds his life taking a dark turn after a car accident leaves his face disfigured.,6.9,7,2001
Fear,movie,thriller,"obsession, family-peril, sociopathy",intense,A wealthy family's life is threatened when their teenage daughter begins dating a mysterious young man who turns out to be a violent sociopath.,6.3,6.3,1996
Road House,movie,action,"vigilantism, protection, brawling",high-energy,"An ex-UFC fighter takes a job as a bouncer at a rough Florida Keys roadhouse, only to discover that paradise is not what it seems.",6.2,6.9,2024
Jarhead,movie,"drama, war","boredom, isolation, masculinity",raw,"A psychological study of a U.S. Marine sniper during the Gulf War, focusing on the mental strain of waiting for combat that never comes.",7,7,2005
The Revenant,movie,"adventure, drama","survival, revenge, nature",visceral,A frontiersman on a fur trading expedition in the 1820s fights for survival after being mauled by a bear and left for dead by his team.,8,8,2015
Dunkirk,movie,"action, history","survival, war, heroism",immersive,"Allied soldiers from Belgium, the British Empire, and France are surrounded by the German Army and evacuated during a fierce battle in WWII.",7.8,8,2017
Mud,movie,drama,"coming-of-age, love, fugitive",atmospheric,Two young boys encounter a fugitive hiding out on an island in the Mississippi and form a pact to help him reunite with his love.,7.4,7.5,2012
Taxi Driver,movie,"drama, crime","alienation, vigilantism, psychosis",gritty,"A mentally unstable veteran works as a nighttime taxi driver in NYC, where the perceived decadence fuels his urge for violent action.",8.2,8.2,1976
Inglourious Basterds,movie,"action, war","revenge, alternate-history, cinema",stylish,"In Nazi-occupied France during WWII, a plan to assassinate Nazi leaders by a group of Jewish U.S. soldiers coincides with a theater owner's vengeful plans.",8.4,8.2,2009
Only the Brave,movie,drama,"brotherhood, sacrifice, wildfire",inspiring,"Based on the true story of the Granite Mountain Hotshots, a unit of local firefighters who become one of the most elite firefighting teams.",7.6,8,2017
The Equalizer 2,movie,"action, thriller","justice, mentor, vengeance",brutal,"Robert McCall serves an unflinching justice for the exploited and oppressed, but how far will he go when it is someone he loves?",6.7,6.7,2018
Wanted,movie,"action, thriller","fate, brotherhood, transformation",hyper-stylized,A frustrated office worker discovers that he is the son of a professional assassin and that he shares his father's superhuman killing abilities.,6.7,6.7,2008
Kingsman: The Secret Service,movie,"action, comedy","class, espionage, mentorship","slick, fun",A spy organization recruits a promising street kid into the agency's training program just as a global threat emerges from a twisted tech genius.,7.7,7.7,2014
Kingsman: The Golden Circle,movie,"action, comedy","alliance, drug-war, tradition",chaotic,"When their headquarters are destroyed and the world is held hostage, the Kingsman's journey leads them to the discovery of an allied spy organization in the US.",6.7,7,2017
The King's Man,movie,"action, history","origins, duty, war",grand,"In the early years of the 20th century, one man must race against time to stop a collection of history's worst tyrants from wiping out millions.",6.3,6.5,2021
John Wick: Chapter 3 – Parabellum,movie,"action, thriller","survival, underworld, rules",relentless,"John Wick is on the run after killing a member of the international assassins' guild, and with a $14 million price tag on his head, he is the target of hitmen everywhere.",7.4,7.4,2019
John Wick: Chapter 4,movie,"action, thriller","freedom, duel, consequences",cinematic,"John Wick uncovers a path to defeating The High Table, but before he can earn his freedom, he must face a new enemy with powerful alliances.",7.7,8,2023
Casino Royale,movie,"action, thriller","origin, betrayal, cold-war",gritty,"After receiving a license to kill, James Bond must defeat a private banker funding terrorists in a high-stakes poker game at Casino Royale.",8,8.2,2006
Baby Driver,movie,"action, thriller","music, getaway, freedom",vibrant,"A talented, young getaway driver relies on the beat of his personal soundtrack to be the best in the game, until a heist goes wrong.",7.6,7.6,2017
Gladiator,movie,"action, drama","honor, revenge, rome",epic,A former Roman General sets out to exact vengeance against the corrupt emperor who murdered his family and sent him into slavery.,8.5,8.5,2000
Ghosted,movie,"action, comedy","espionage, romance",high-energy,A salt-of-the-earth man falls for a secret agent and gets swept into an international mission to save the world.,5.8,7.5,2023
Deep Water,movie,thriller,"obsession, marriage, jealousy",unsettling,A well-to-do husband who allows his wife to have affairs to avoid divorce becomes a prime suspect in her lovers' disappearances.,5.5,7.2,2022
Knock Knock,movie,"horror, thriller","temptation, home-invasion",claustrophobic,A devoted father's life is turned upside down when two stranded young women appear at his door and launch a deadly game.,4.9,6,2015
Knives Out,movie,"mystery, comedy","inheritance, family-secrets","witty, smart","A detective investigates the death of a patriarch of an eccentric, combative family where everyone is a potential suspect.",7.9,8,2019
No Time to Die,movie,"action, thriller","legacy, sacrifice, biological-warfare","epic, somber","James Bond is recruited to rescue a kidnapped scientist, leading him onto the trail of a mysterious villain armed with dangerous technology.",7.3,7.6,2021
Eden,movie,"thriller, drama","survival, isolation, hedonism","raw, intense",European settlers in the Galápagos face escalating violence and madness when a manipulative Baroness arrives to disrupt their island solitude.,7,7,2024
War Dogs,movie,"comedy, crime","arms-dealing, greed, war","cynical, fun",Two friends exploit a little-known government initiative to win a $300 million contract to arm the Afghan Military.,7.1,7.1,2016
The Night Clerk,movie,"crime, mystery","surveillance, autism, voyeurism","muted, tense",A voyeuristic hotel clerk who uses surveillance to learn social skills becomes the main suspect in a guest's murder.,5.6,6,2020
Constantine,movie,"fantasy, horror","occult, hell, redemption","gothic, cool",A cynical exorcist and demonologist helps a policewoman prove that her sister's death was not a suicide but a supernatural conspiracy.,7,7.2,2005
The Matrix Reloaded,movie,"sci-fi, action","prophecy, rebellion, choice",philosophical,"Neo and the rebel leaders estimate that they have 72 hours until 250,000 sentinels discover Zion and destroy mankind.",7.2,7.5,2003
The Matrix Revolutions,movie,"sci-fi, action","sacrifice, peace, machine-war",epic,The human city of Zion defends itself against a massive invasion of machines as Neo fights to end the war on two fronts.,6.7,7,2003
The Matrix Resurrections,movie,"sci-fi, action","memory, simulation, love","meta, nostalgic",Return to a world of two realities where Thomas Anderson must choose to follow the white rabbit once more into the Matrix.,5.7,6.5,2021
Mad Max,movie,"action, sci-fi","vengeance, post-apocalypse","gritty, raw","In a self-destructing world, a vengeful Australian policeman sets out to stop a violent motorcycle gang after they murder his family.",6.8,7.5,1979
Furiosa: A Mad Max Saga,movie,"action, sci-fi","survival, origins, tyranny","visceral, epic",The origin story of renegade warrior Furiosa before her encounter and team-up with Mad Max in a post-apocalyptic wasteland.,7.6,7.8,2024
Extraction,movie,"action, thriller","protection, mercenary, rescue",relentless,A hardened mercenary's mission becomes a soul-searching race to survive when he's sent to Bangladesh to rescue a drug lord's kidnapped son.,6.8,7.2,2020
Extraction 2,movie,"action, thriller","family, redemption, combat",high-octane,"After barely surviving his previous mission, Tyler Rake is tasked with rescuing the battered family of a ruthless Georgian gangster from prison.",7,7.4,2023
500 Days of Summer,movie,"rom-com, drama","timing, expectations, heartbreak",bittersweet,"An offbeat romantic comedy about a woman who doesn't believe true love exists, and the young man who falls for her.",7.7,8.5,2009
The Terminator,movie,"sci-fi, action","destiny, time-travel, AI",intense,A human soldier is sent from 2029 to 1984 to stop an almost indestructible cyborg killing machine from murdering Sarah Connor.,8.1,8.1,1984
Terminator 2: Judgment Day,movie,"sci-fi, action","protection, hope, technology","epic, thrilling","A cyborg, identical to the one who failed to kill Sarah Connor, must now protect her ten-year-old son from an even more advanced model.",8.6,8.6,1991
Terminator 3: Rise of the Machines,movie,"sci-fi, action","fate, inevitability",explosive,A now-adult John Connor is targeted by a female cyborg assassin while another Terminator is sent back to protect him.,6.3,6.3,2003
Terminator Salvation,movie,"sci-fi, action","war, machines, leadership","gritty, industrial","In 2018, John Connor leads the resistance against Skynet while a mysterious stranger with memory loss joins the fight.",6.5,6.5,2009
Terminator Genisys,movie,"sci-fi, action","alternate-timeline, paradox",chaotic,"Kyle Reese is sent back to 1984 to save Sarah Connor, but the timeline has been altered, creating a new and dangerous future.",6.3,6.3,2015
Terminator: Dark Fate,movie,"sci-fi, action","legacy, survival, augmented-humans",serious,Sarah Connor and a hybrid cyborg human must protect a young girl from a newly modified liquid Terminator from the future.,6.2,6.5,2019
Life is Beautiful,movie,"drama, war","hope, parenting, imagination","heartwarming, tragic",A Jewish librarian uses humor and imagination to shield his young son from the horrors of a Nazi concentration camp.,8.6,9,1997
Half Nelson,movie,drama,"addiction, mentorship, ethics","raw, wise",An inner-city middle-school teacher with a drug habit forms an unlikely friendship with a student who catches him using.,7.1,7.1,2006
I Am Sam,movie,drama,"parenting, disability, love",emotional,"A mentally handicapped man fights for custody of his daughter, teaching his high-priced lawyer about the true value of family.",7.6,7.9,2001
The Pianist,movie,"drama, history","survival, music, holocaust",powerful,A Polish Jewish musician struggles to survive the destruction of the Warsaw ghetto during World War II.,8.5,9,2002
The Perks of Being a Wallflower,movie,"drama, romance","mental health, growth, friendship",poignant,An introverted freshman is taken under the wings of two seniors who welcome him to the real world and help him heal.,7.9,8,2012
Atonement,movie,"drama, romance","guilt, war, consequences","tragic, elegant","A young girl's false accusation changes the lives of her sister and her lover forever, leading to a decades-long search for forgiveness.",7.8,8,2007
Her,movie,"sci-fi, romance","AI, loneliness, intimacy","melancholic, smart","In a near future, a lonely writer develops an unlikely relationship with an operating system designed to meet his every need.",8,8,2013
Finding Neverland,movie,"drama, biography","imagination, legacy, grief",magical,The story of the friendship between author J.M. Barrie and the family that inspired him to create the world of Peter Pan.,7.7,7.7,2004
The Terminal,movie,"comedy, drama","bureaucracy, patience, hope",charming,An Eastern European tourist finds himself stranded in JFK airport when his country undergoes a coup and his passport becomes invalid.,7.4,7.5,2004
Oblivion,movie,"sci-fi, action","memory, drones, identity",atmospheric,A veteran assigned to extract Earth's remaining resources begins to question his mission and his past after rescuing a stranger.,7,7.5,2013
First Man,movie,"drama, history","space-race, grief, obsession","stoic, tense",A look at the life of the astronaut Neil Armstrong and the legendary space mission that led him to become the first man to walk on the moon.,7.3,7.3,2018
The Adam Project,movie,"sci-fi, adventure","time-travel, family, legacy","fun, nostalgic",A time-traveling pilot teams up with his younger self and his late father to come to terms with his past while saving the future.,6.7,7,2022
Free Guy,movie,"comedy, sci-fi","AI, self-awareness, gaming","vibrant, fun",A bank teller discovers he is actually a background player in an open-world video game and decides to become the hero of his own story.,7.1,7.4,2021
Life,movie,"sci-fi, horror","alien-biology, survival, isolation",terrifying,A team of scientists aboard the International Space Station discover a rapidly evolving life-form that caused extinction on Mars.,6.6,6.9,2017
Passengers,movie,"sci-fi, romance","morality, isolation, space-travel","glossy, tense","A spacecraft traveling to a distant colony planet has a malfunction in its sleep chambers, resulting in two passengers waking up 90 years early.",7,7.5,2016
Independence Day,movie,"sci-fi, action","alien-invasion, global-unity","epic, heroic","The world's satellite systems are thrown into chaos by a massive alien spacecraft, leading to a global struggle for survival on July 4th.",7,7.5,1996
Ad Astra,movie,"sci-fi, drama","father-son, solitude, space",meditative,An astronaut undertakes a dangerous mission across an unforgiving solar system to uncover the truth about his missing father and his doomed expedition.,6.5,6.5,2019
Pacific Rim,movie,"sci-fi, action","giant-monsters, mecha, teamwork",spectacular,"As a war between humankind and monstrous sea creatures continues, a former pilot and a trainee are paired up to drive a legendary robot.",7,7.5,2013
Pacific Rim: Uprising,movie,"sci-fi, action","legacy, rebellion, kaiju",high-octane,"Jake Pentecost, son of Stacker Pentecost, reunites with Mako Mori to lead a new generation of Jaeger pilots against a new Kaiju threat.",5.6,6,2018
Predestination,movie,"sci-fi, thriller","time-paradox, identity, fate",mind-bending,A temporal agent embarks on a final time-traveling assignment to stop the one criminal that has eluded him throughout time.,7.4,8,2014
Avatar,movie,"sci-fi, fantasy","environmentalism, colonization",immersive,A paraplegic Marine dispatched to the moon Pandora on a unique mission becomes torn between following his orders and protecting his new home.,7.9,7.9,2009
Avatar: The Way of Water,movie,"sci-fi, fantasy","family, ocean-life, protection",breathtaking,"Jake Sully lives with his newfound family on the planet of Pandora. When a familiar threat returns, Jake must work with Neytiri and the Na'vi army.",7.6,7.6,2022
Avatar: Fire and Ash,movie,"sci-fi, fantasy","revenge, fire-tribe, culture",intense,"The third installment explores a more aggressive side of the Na'vi—the ""Ash People""—led by Varang, testing Jake and Neytiri’s resilience.",7.5,7.5,2025
Snowpiercer,movie,"sci-fi, action","class-warfare, survival, climate","gritty, smart","In a future where a failed climate-change experiment kills all life on the planet, survivors inhabit a train that travels around the globe.",7.1,7.1,2013
Just Friends,movie,rom-com,"friend-zone, transformation",hilarious,"While visiting his hometown during Christmas, a man comes face-to-face with his old high school crush whom he was ""just friends"" with.",6.2,6.6,2005
"Definitely, Maybe",movie,rom-com,"mystery, fatherhood, timing","charming, sweet",A political consultant tries to explain his impending divorce and past relationships to his 11-year-old daughter by changing the names in his stories.,7.1,7.1,2008
Up in the Air,movie,"drama, comedy","detachment, career, connection",sophisticated,"Ryan Bingham enjoys living out of a suitcase for his job, but he begins to question his lifestyle after falling for a fellow traveler.",7.4,7.4,2009
Role Models,movie,comedy,"mentorship, maturity, LARPing","raunchy, fun",Two energy drink salesmen are forced to enroll in a big brother program for troubled youth after trashing a company truck.,6.8,7,2008
Admission,movie,"comedy, drama","secrets, motherhood, education",lighthearted,A Princeton admissions officer's life is upended when she visits an alternative high school and meets a student who might be the son she gave up.,5.7,6.5,2013
2012,movie,"action, sci-fi","apocalypse, survival, family",catastrophic,A frustrated writer struggles to keep his family alive when a series of global catastrophes threatens to annihilate mankind as predicted by the Mayans.,5.9,7.5,2009
Moonfall,movie,"sci-fi, action","conspiracy, space, apocalypse",chaotic,A mysterious force knocks the Moon from its orbit around Earth and sends it hurtling on a collision course with life as we know it.,5.1,5.9,2022
This Is 40,movie,"comedy, drama","aging, marriage, parenting","raw, funny","A look at the lives of Pete and Debbie a few years after the events of Knocked Up, as they each handle their 40th birthdays.",6.2,6.6,2012
"I Love You, Man",movie,comedy,"bromance, friendship, marriage","awkward, sweet","A friendless guy goes on a series of ""man-dates"" to find a Best Man for his upcoming wedding, eventually meeting a charismatic stranger.",7,7,2009
She's Out of My League,movie,rom-com,"insecurity, status, attraction","goofy, fun","An average Joe is stunned when a gorgeous, successful woman falls for him, leading to a struggle with his own lack of confidence.",6.4,7,2010
Stuck in Love,movie,"drama, romance","family, writing, connection",heartfelt,"An acclaimed writer, his ex-wife, and their teenaged children come to terms with the complexities of love in all its forms over the course of a year.",7.2,7.5,2012
Accepted,movie,comedy,"rebellion, education, creativity",lighthearted,"Reeling from multiple college rejections, a high school senior creates a fake university that inadvertently becomes a real sanctuary for misfits.",6.4,6.9,2006
Harry Potter and the Sorcerer's Stone,movie,fantasy,"magic, belonging",whimsical,An orphan discovers he's a wizard and attends a magical school where he uncovers a dark secret about his past.,7.6,7.6,2001
Harry Potter and the Chamber of Secrets,movie,fantasy,"prejudice, mystery",atmospheric,"Harry returns for his second year to find a mysterious chamber has been opened, releasing a monster that petrifies students.",7.4,7.4,2002
Harry Potter and the Prisoner of Azkaban,movie,fantasy,"time, truth, family",dark,"Harry faces a convicted murderer who has escaped the wizard prison, leading to revelations about his parents' death.",7.9,7.9,2004
Harry Potter and the Goblet of Fire,movie,fantasy,"competition, return",intense,Harry is mysteriously entered into a dangerous tournament while the dark lord Voldemort begins his return to power.,7.7,7.7,2005
Harry Potter and the Order of the Phoenix,movie,fantasy,"rebellion, authority",tense,"With the wizarding world in denial about Voldemort's return, Harry forms a secret student group to prepare for war.",7.5,7.5,2007
Harry Potter and the Half-Blood Prince,movie,fantasy,"origins, sacrifice",melancholic,"As the wizarding world falls into darkness, Harry discovers an old textbook that helps him learn about Voldemort's past.",7.6,7.6,2009
Harry Potter and the Deathly Hallows: Part 1,movie,fantasy,"isolation, mission",somber,"Harry, Ron, and Hermione leave Hogwarts to track down and destroy the secret to Voldemort's immortality.",7.7,7.7,2010
Harry Potter and the Deathly Hallows: Part 2,movie,fantasy,"heroism, finality",epic,The final battle between the forces of good and evil breaks out at Hogwarts as Harry faces his destiny.,8.1,8.1,2011
Jurassic Park,movie,sci-fi,"genetics, ethics",spectacular,Scientists and visitors at a theme park featuring cloned dinosaurs must fight for survival after a power failure releases the beasts.,8.2,8.2,1993
The Lost World: Jurassic Park,movie,sci-fi,"protection, greed",dark,"A research team is sent to the ""Site B"" island to study the dinosaurs before a corporate team can capture them.",6.5,6.5,1997
Jurassic Park III,movie,sci-fi,"survival, rescue",tense,A couple convinces a paleontologist to guide them over a dinosaur-infested island to find their missing son.,5.9,5.9,2001
Jurassic World,movie,sci-fi,bio-engineering,exhilarating,"A new theme park, built on the original site, creates a genetically modified hybrid dinosaur that escapes and causes chaos.",6.9,7,2015
Jurassic World: Fallen Kingdom,movie,sci-fi,"conservation, greed",catastrophic,"After a volcanic eruption threatens the island, a rescue mission uncovers a conspiracy that brings dinosaurs to the mainland.",6.1,6.5,2018
Jurassic World Dominion,movie,sci-fi,"coexistence, ecology",global,"Dinosaurs now live alongside humans worldwide, leading to a global struggle for dominance over the planet's ecosystem.",5.6,6,2022
Jurassic World Rebirth,movie,sci-fi,"reboot, discovery",mysterious,"Set five years after Dominion, a covert team races to secure genetic material from the world's most powerful dinosaurs.",6.8,7,2025
The Fast and the Furious,movie,action,"loyalty, undercover",cool,"An undercover cop infiltrates a street racing subculture to catch a crew of hijackers, but starts to bond with the leader.",6.8,6.8,2001
2 Fast 2 Furious,movie,action,"redemption, crime",fun,Ex-cop Brian O'Conner is recruited to take down a drug lord in Miami in exchange for clearing his criminal record.,5.9,6,2003
The Fast and the Furious: Tokyo Drift,movie,action,"drift, honor",vibrant,An American teenager is sent to Tokyo to live with his father and becomes immersed in the city's drifting scene.,6,6.5,2006
Fast & Furious,movie,action,"revenge, reunion",gritty,Dom and Brian are forced to work together again to take down a common enemy in the drug cartel.,6.5,6.5,2009
Fast Five,movie,action,"heist, family",high-octane,The crew plans a massive heist in Rio de Janeiro to buy their freedom while being hunted by a federal agent.,7.3,7.3,2011
Fast & Furious 6,movie,action,"amnesty, amnesia",explosive,The team is recruited to take down a group of mercenaries in exchange for full pardons and a chance to find Letty.,7,7.5,2013
Furious 7,movie,action,"brotherhood, legacy",emotional,"A vengeful assassin hunts the crew for the death of his brother, leading to a final ride across the globe.",7.1,7.5,2015
The Fate of the Furious,movie,action,"betrayal, hacking",intense,"A mysterious woman seduces Dom into the world of terrorism, forcing the team to face their leader to bring him home.",6.6,6.6,2017
Hobbs & Shaw,movie,action,"alliance, cybernetics",chaotic,Unlikely allies Hobbs and Shaw must work together to stop a genetically enhanced villain from unleashing a virus.,6.5,7,2019
F9: The Fast Saga,movie,action,"family-rivalry, magnets",wild,Dom must face the sins of his past when his estranged brother Jacob appears as a deadly assassin and driver.,5.2,6.5,2021
Fast X,movie,action,"revenge, tech",relentless,"The son of a former enemy emerges to tear Dom's family apart, leading to a multi-continent battle for survival.",5.7,6.6,2023
Fast Forever,movie,action,"finality, closure",epic,The final high-stakes race where the core family must settle their score with the ultimate adversary once and for all.,7,7,2026
Mission: Impossible,movie,thriller,"betrayal, espionage",suspenseful,An IMF agent must clear his name after being framed for the murder of his entire team during a botched mission.,7.2,7.2,1996
Mission: Impossible II,movie,action,"bio-warfare, romance",stylish,Ethan Hunt must find and destroy a genetically modified disease before a rogue agent can unleash it.,6.1,6.1,2000
Mission: Impossible III,movie,action,"marriage, threat",intense,Ethan Hunt comes out of retirement to face a sadistic arms dealer who threatens his wife and his legacy.,6.9,6.9,2006
M.I. - Ghost Protocol,movie,action,"stealth, tech-failure",slick,"After the IMF is blamed for a bombing, the team goes rogue to stop a nuclear extremist from starting a war.",7.4,7.4,2011
M.I. - Rogue Nation,movie,action,"shadow-org, loyalty",clever,"Ethan and his team take on ""The Syndicate,"" a network of rogue agents intent on destroying the IMF and the world.",7.4,7.4,2015
M.I. - Fallout,movie,action,"consequences, trade",breathtaking,A mission gone wrong forces Ethan to deal with past mistakes while racing to prevent a nuclear catastrophe.,7.7,7.7,2018
M.I. - Dead Reckoning,movie,action,"AI-threat, keys",tense,Ethan must track down a terrifying new weapon that threatens all of humanity before it falls into the wrong hands.,7.7,7.7,2023
M.I. - The Final Reckoning,movie,action,"closure, legacy",epic,The ultimate showdown where Ethan Hunt must confront the Entity one last time to decide the future of the IMF.,8,8,2025
Predator,movie,sci-fi,"hunting, jungle-survival",gritty,A special forces team on a mission in the jungle finds themselves being hunted by an extraterrestrial warrior with advanced tech.,7.8,7.8,1987
Predator 2,movie,sci-fi,"urban-warfare, gangs",violent,"The Predator returns, this time choosing the concrete jungle of Los Angeles as his hunting ground during a massive gang war.",6.3,6.3,1990
Predators,movie,sci-fi,"selection, alien-planet",intense,A group of elite warriors are abducted and brought to an alien planet to be hunted by a new breed of super-Predators.,6.4,6.4,2010
The Predator,movie,sci-fi,"hybridization, evolution",chaotic,"When a young boy accidentally triggers the return of the Predators to Earth, a ragtag crew of soldiers must stop the hunt.",5.3,5.5,2018
Prey,movie,sci-fi,"survival, heritage",raw,"In the Comanche Nation 300 years ago, a skilled female warrior protects her tribe from a highly evolved alien Predator.",7.1,7.1,2022
Predator: Killer of Killers,movie,sci-fi,"stealth, internal-conflict",dark,An elite Predator must hunt down its own kind after a splinter group begins violating the ancient code of the hunt.,7.2,7.2,2025
Predator: Badlands,movie,sci-fi,"survival, sisterhood",visceral,Two sisters in a harsh environment are forced to fight for their lives when they become the targets of a multi-Predator pack.,7.3,7.5,2025
Alien vs. Predator,movie,sci-fi,"rivalry, ancient-civilization",dark,An expedition to Antarctica discovers an underground pyramid where two legendary alien races are locked in a deadly war.,5.7,6.5,2004
Aliens vs. Predator: Requiem,movie,sci-fi,"infestation, small-town",gruesome,"The warring alien species crash-land in a small Colorado town, forcing the residents to survive the crossfire.",4.6,6.2,2007
Episode IV: A New Hope,movie,sci-fi,"rebellion, destiny",nostalgic,A farm boy joins a galactic rebellion and learns the ways of the Force to save the galaxy from the Death Star.,8.6,8.6,1977
Episode V: The Empire Strikes Back,movie,sci-fi,"training, revelation",somber,"After the Rebels are defeated on Hoth, Luke seeks out a Jedi Master while his friends are hunted by Darth Vader.",8.7,8.7,1980
Episode VI: Return of the Jedi,movie,sci-fi,"redemption, family",heroic,The Rebel Alliance makes a final stand against the Empire as Luke confronts his father for the fate of the galaxy.,8.3,8.3,1983
Episode I: The Phantom Menace,movie,sci-fi,"trade, prophecy",grand,Two Jedi knights discover a young boy with immense potential while trying to protect a queen from a blockade.,6.5,6.5,1999
Episode II: Attack of the Clones,movie,sci-fi,"romance, conspiracy",vibrant,"Ten years later, Anakin Skywalker begins a forbidden romance while the Republic is threatened by a separatist movement.",6.6,6.6,2002
Episode III: Revenge of the Sith,movie,sci-fi,"fall, betrayal",dark,"As the Clone Wars reach their climax, Anakin is seduced by the dark side, leading to the birth of the Galactic Empire.",7.6,7.6,2005
The Clone Wars,movie,sci-fi,"war, master-apprentice",adventurous,Anakin and his new Padawan Ahsoka Tano must rescue the son of Jabba the Hutt to secure a vital alliance for the Republic.,5.9,6,2008
Episode VII: The Force Awakens,movie,sci-fi,"legacy, new-threat",nostalgic,"Three decades after the Empire's defeat, a new threat rises, prompting a scavenger and a defector to seek out the lost Luke Skywalker.",7.8,7.8,2015
The Rise of Skywalker,movie,sci-fi,"heritage, finality",epic,The surviving Resistance faces the First Order once more in a final battle that will decide the fate of the Jedi and the Sith.,6.5,6.5,2019
Godzilla,movie,"sci-fi, action","nature, radiation, monsters",ominous,"The world is beset by the appearance of giant creatures, but one ancient ""Alpha Predator"" rises to restore the balance of nature.",6.4,6.5,2014
Kong: Skull Island,movie,"adventure, action","evolution, war, isolation",vibrant,"In 1973, scientists and soldiers explore an unmapped island in the Pacific, unaware that they are intruding on the domain of the mighty Kong.",6.7,7,2017
Godzilla: King of the Monsters,movie,"sci-fi, action","extinction, hierarchy, titans",epic,"The crypto-zoological agency Monarch faces off against a battery of god-sized monsters, including the mighty Godzilla and his ultimate nemesis, King Ghidorah.",6,6.5,2019
Godzilla vs. Kong,movie,"sci-fi, action","rivalry, hollow-earth, tech",spectacular,"The two greatest icons in motion picture history face off in a spectacular battle for the ages, while humans uncover a conspiracy.",6.3,6.5,2021
Godzilla x Kong: The New Empire,movie,"sci-fi, action","alliance, ancient-evil, origins",high-energy,Godzilla and Kong must unite against a colossal undiscovered threat hidden within our world that challenges their very existence.,6.4,7,2024
Godzilla Minus One,movie,"sci-fi, drama","postwar-trauma, guilt, hope",powerful,"In postwar Japan, a new terror rises in the form of Godzilla, forcing devastated survivors to find a reason to fight back.",8.2,8.2,2023
Alien,movie,"sci-fi, horror","space-survival, pregnancy, corporatism",terrifying,The crew of a commercial spacecraft encounter a deadly lifeform after investigating an unknown transmission on a remote planet.,8.5,8.5,1979
Aliens,movie,"sci-fi, action","motherhood, military, survival",intense,"After floating in space for 57 years, Ellen Ripley returns to the planet where she first met the Alien, this time with a squad of Marines.",8.4,8.4,1986
Alien 3,movie,"sci-fi, horror","religion, sacrifice, nihilism",grim,"After her escape pod crashes on a desolate prison planet, Ripley discovers she has brought an unwanted visitor with her.",6.4,6.5,1992
Alien: Resurrection,movie,"sci-fi, horror","cloning, identity, genetic-waste",bizarre,"200 years after her death, Ellen Ripley is revived as a powerful human/alien hybrid to help a group of mercenaries fight a new outbreak.",6.2,6.3,1997
Prometheus,movie,"sci-fi, mystery","creation, engineers, mortality",atmospheric,"A team of explorers discover a clue to the origins of mankind on Earth, leading them on a journey to the darkest corners of the universe.",7,7.2,2012
Alien: Covenant,movie,"sci-fi, horror","creation, AI-god-complex, colonizing",dark,"The crew of a colony ship find what they believe is an uncharted paradise, only to uncover a terrifying world and a dark secret.",6.4,7,2017
Alien: Romulus,movie,"sci-fi, horror","youth, corporate-greed, biology",visceral,"While scavenging a derelict space station, a group of young colonizers come face-to-face with the universe's most terrifying lifeform.",7.2,7.2,2024
Game of Thrones,series,"fantasy, drama","power, betrayal, prophecy","epic, gritty","Nine noble families fight for control over the lands of Westeros, while an ancient enemy returns after being dormant for millennia.",9.2,9.5,2011
Money Heist,series,"crime, thriller","resistance, heist, family","intense, smart",An unusual group of robbers attempt to carry out the most perfect heist in Spanish history—stealing 2.4 billion euros from the Royal Mint.,8.2,8.5,2017
Dark,series,"sci-fi, mystery","time-travel, paradox, fate",mind-bending,"A family saga with a supernatural twist, set in a German town where the disappearance of two young children exposes the relationships among four families.",8.7,8.7,2017
True Detective,series,"crime, mystery","nihilism, ritual-crime, trauma",atmospheric,"Seasonal anthology series in which police investigations unearth the personal and professional secrets of those involved, both within and outside the law.",8.9,8.9,2014
Stranger Things,series,"sci-fi, horror","nostalgia, friendship, parallel-world","mysterious, fun","When a young boy disappears, a small town uncovers a mystery involving secret experiments, terrifying supernatural forces and one strange little girl.",8.7,8.7,2016
Breaking Bad,series,"crime, drama","transformation, ego, morality","gritty, tense",A high school chemistry teacher diagnosed with inoperable lung cancer turns to manufacturing and selling methamphetamine to secure his family's future.,9.5,9.5,2008
Peaky Blinders,series,"crime, drama","ambition, post-war, family-loyalty","stylish, gritty","A gangster family epic set in 1900s England, centering on a gang who sew razor blades in the peaks of their caps, and their fierce boss Tommy Shelby.",8.8,8.8,2013
Sherlock,series,"mystery, crime","intellect, friendship, deduction","smart, fast-paced",A modern update finds the famous sleuth and his doctor partner solving crime in 21st century London with high-tech tools and brilliant logic.,9.1,9,2010
Vikings,series,"history, action","conquest, religion, legacy","brutal, epic","Vikings transports us to the brutal and mysterious world of Ragnar Lothbrok, a warrior and farmer who yearns to explore and raid the distant shores.",8.5,8.5,2013
Prison Break,series,"thriller, crime","brotherhood, conspiracy, escape",intense,"An engineer installs himself in a prison he helped design, in order to save his falsely accused brother from a death sentence.",8.3,8.2,2005
The Last of Us,series,"sci-fi, drama","survival, found-family, plague","emotional, raw","After a global pandemic destroys civilization, a hardened survivor takes charge of a 14-year-old girl who may be humanity's last hope.",8.7,8.7,2023
Normal People,series,"drama, romance","class, vulnerability, growth","intimate, somber","Follows Marianne and Connell, from different backgrounds but the same small town in Ireland, as they weave in and out of each other's romantic lives.",8.4,8.7,2020
Jack Ryan,series,"action, thriller","espionage, terrorism, geopolitics","slick, tense",An up-and-coming CIA analyst is thrust into a dangerous field assignment for the first time as he uncovers a pattern in terrorist communication.,8,8,2018
Reacher,series,"action, crime","justice, wandering, strength","tough, satisfying","When retired Military Police Officer Jack Reacher is arrested for a murder he did not commit, he finds himself in the middle of a deadly conspiracy.",8,8,2022
The Boys,series,"action, comedy","satire, corruption, power","irreverent, violent",A group of vigilantes set out to take down corrupt superheroes who abuse their superpowers and the corporate entity that manages them.,8.7,8.8,2019
Sex Education,series,"comedy, drama","identity, therapy, adolescence",heartwarming,"A social awkward high school student with a sex therapist mother teams up with a ""bad girl"" to set up an underground sex therapy clinic at school.",8.2,8.2,2019
Elite,series,"mystery, drama","class-warfare, crime, youth",provocative,"When three working-class teens enroll in an exclusive private school in Spain, the clash between them and the wealthy students leads to murder.",7.2,7.2,2018
The Mandalorian,series,"sci-fi, fantasy","honor, protection, bounty-hunting",adventurous,"The travels of a lone bounty hunter in the outer reaches of the galaxy, far from the authority of the New Republic, protecting a mysterious child.",8.6,8.8,2019
From,series,"horror, mystery","trap, survival, monsters",terrifying,"Unravel the mystery of a city in middle America that traps everyone who enters, as residents fight to survive the threats of the surrounding forest.",7.7,8,2022
The Day of the Jackal,series,"thriller, crime","assassination, espionage, chase","sleek, cold","An unrivaled and highly elusive lone assassin makes his living carrying out hits for the highest fee, while an intelligence officer hunts him.",8.1,8.4,2024
Narcos,series,"crime, drama","drugs, law-enforcement, cartels","gritty, documentary-style","A chronicled look at the criminal exploits of Colombian drug lord Pablo Escobar, as well as the many other drug kingpins who plagued the country.",8.8,8.8,2015
A Knight of the Seven Kingdoms,series,"fantasy, adventure","honor, knighthood, feudalism","episodic, lighthearted","A century before Game of Thrones, a young, naïve but courageous ""hedge knight"" and his diminutive squire wander Westeros.",8.5,8.5,2026
Alien: Earth,series,"sci-fi, horror","bio-threat, corporate-greed, AI","visceral, tense","When a spacecraft crash-lands on Earth, a young woman and a group of soldiers make a discovery that puts them face-to-face with the planet's biggest threat.",7.8,7.8,2025
Monarch: Legacy of Monsters,series,"sci-fi, action","titans, lineage, conspiracy","grand, mysterious","Following the thunderous battle between Godzilla and the Titans, two siblings uncover their family's connection to the secretive organization known as Monarch.",7,7.5,2023
Cobra Kai,series,"action, comedy","rivalry, legacy, karate","nostalgic, fun","Decades after their 1984 All Valley Karate Tournament bout, a middle-aged Daniel LaRusso and Johnny Lawrence find themselves martial-arts rivals again.",8.5,8.5,2018
